https://www.informatics.uci.edu/2019/05,1046
https://www.informatics.uci.edu/uc-irvine-news-ucis-first-14-computer-game-science-majors-are-set-to-graduate-el-zarki-frost-quoted,975
https://www.informatics.uci.edu/2017/09,671
https://www.informatics.uci.edu/gillian-hayes-first-to-hold-new-kleist-informatics-chair,666
https://www.informatics.uci.edu/wp-json/wp/v2/posts/2025,597
https://www.informatics.uci.edu/2014/06,560
https://www.informatics.uci.edu/boing-boing-what-open-learning-looks-like-when-its-for-kids-who-need-it-most-by-mimi-ito,535
https://www.informatics.uci.edu/laguna-beach-coastline-pilot-school-cracks-code-of-student-involvement-lopes-quoted,532
https://www.informatics.uci.edu/wp-json/wp/v2/posts/2421,299
https://www.informatics.uci.edu/wp-json/wp/v2/posts/3087,209
https://www.informatics.uci.edu/wp-json/wp/v2/posts/4052,196
https://www.informatics.uci.edu/wp-json/wp/v2/posts/2016,188
https://www.informatics.uci.edu/wp-json/wp/v2/posts/3713,179
https://www.informatics.uci.edu/wp-json/wp/v2/posts/3914,144
https://www.informatics.uci.edu/ics-receives-excellence-in-promoting-women-in-undergraduate-computing-award-from-ncwit/feed,19
https://www.informatics.uci.edu/gillian-hayes-first-to-hold-new-kleist-informatics-chair/feed,17
https://www.informatics.uci.edu/uci-esports-women-in-gaming-at-uci/feed,16
https://www.informatics.uci.edu/uc-irvine-news-ucis-first-14-computer-game-science-majors-are-set-to-graduate-el-zarki-frost-quoted/feed,11
